reading_date,PG_PRED,P1,P2,P3,P4,P5,id_meter
2022-08-01 03:00:00+03:00,3.5,1.4,2.8,1.0,4.8,7.6,2060015235
2022-08-01 03:15:00+03:00,3.3,1.9,2.7,1.0,5.0,5.7,2060015235
2022-08-01 03:30:00+03:00,3.0,2.1,2.7,1.0,4.4,5.0,2060015235
2022-08-01 03:45:00+03:00,2.7,2.0,2.8,1.0,4.6,3.2,2060015235
2022-08-01 04:00:00+03:00,2.6,1.7,2.8,1.0,4.1,3.3,2060015235
2022-08-01 04:15:00+03:00,2.8,2.0,3.1,1.0,3.4,4.5,2060015235
2022-08-01 04:30:00+03:00,2.5,2.0,3.2,1.0,2.6,3.7,2060015235
2022-08-01 04:45:00+03:00,2.4,1.8,3.1,1.0,2.6,3.4,2060015235
2022-08-01 05:00:00+03:00,4.9,6.2,7.1,7.6,1.6,1.8,2060015235
2022-08-01 05:15:00+03:00,6.0,8.8,9.4,7.6,2.1,2.3,2060015235
2022-08-01 05:30:00+03:00,6.7,10.3,10.9,7.6,2.1,2.6,2060015235
2022-08-01 05:45:00+03:00,5.9,9.8,8.4,7.6,2.0,1.7,2060015235
2022-08-01 06:00:00+03:00,53.6,38.2,55.3,101.9,19.4,53.2,2060015235
2022-08-01 06:15:00+03:00,98.2,99.9,111.5,76.0,69.0,134.5,2060015235
2022-08-01 06:30:00+03:00,97.6,96.3,81.1,139.5,81.7,89.6,2060015235
2022-08-01 06:45:00+03:00,222.2,266.9,253.0,166.6,234.4,190.0,2060015235
2022-08-01 07:00:00+03:00,432.3,399.7,301.7,807.8,377.5,274.9,2060015235
2022-08-01 07:15:00+03:00,475.3,385.9,489.8,807.8,433.4,259.6,2060015235
2022-08-01 07:30:00+03:00,557.4,502.7,765.0,443.0,497.6,578.9,2060015235
2022-08-01 07:45:00+03:00,591.8,595.3,786.0,332.5,577.4,667.8,2060015235
2022-08-01 08:00:00+03:00,702.1,708.5,890.6,332.5,809.6,769.1,2060015235
2022-08-01 08:15:00+03:00,925.2,846.6,1008.0,978.8,905.8,886.9,2060015235
2022-08-01 08:30:00+03:00,1168.7,1036.3,1130.1,1428.5,1080.4,1168.3,2060015235
2022-08-01 08:45:00+03:00,1194.1,1058.1,1182.9,1136.0,1253.8,1339.9,2060015235
2022-08-01 09:00:00+03:00,1317.8,1140.9,1507.3,1136.0,1304.0,1501.1,2060015235
2022-08-01 09:15:00+03:00,1421.4,1288.3,1469.5,1548.5,1339.5,1461.1,2060015235
2022-08-01 09:30:00+03:00,1425.9,1340.7,1222.9,1548.5,1480.9,1536.6,2060015235
2022-08-01 09:45:00+03:00,1437.8,1342.1,1201.2,1548.5,1588.0,1509.2,2060015235
2022-08-01 10:00:00+03:00,1456.6,1345.2,1216.6,1548.5,1642.7,1530.0,2060015235
2022-08-01 10:15:00+03:00,1618.4,1525.8,1521.9,1548.5,1755.8,1740.2,2060015235
2022-08-01 10:30:00+03:00,1712.1,1669.3,1632.0,1421.2,1924.8,1913.3,2060015235
2022-08-01 10:45:00+03:00,1770.9,1731.1,1805.6,1421.2,1936.9,1959.7,2060015235
2022-08-01 11:00:00+03:00,1843.6,1761.5,1926.9,1635.4,1995.1,1899.3,2060015235
2022-08-01 11:15:00+03:00,1938.6,1830.4,2032.2,1635.4,2237.4,1957.7,2060015235
2022-08-01 11:30:00+03:00,2239.7,2053.6,2165.1,2343.4,2372.1,2264.4,2060015235
2022-08-01 11:45:00+03:00,2306.9,2140.5,2268.2,2343.4,2397.3,2385.4,2060015235
2022-08-01 12:00:00+03:00,2342.6,2321.4,2323.4,2215.1,2397.3,2455.8,2060015235
2022-08-01 12:15:00+03:00,2329.3,2389.6,2232.5,2215.1,2372.1,2437.2,2060015235
2022-08-01 12:30:00+03:00,2465.4,2361.7,2199.9,2965.5,2420.9,2379.2,2060015235
2022-08-01 12:45:00+03:00,2097.0,2210.1,1986.9,1866.4,2192.5,2229.2,2060015235
2022-08-01 13:00:00+03:00,2044.2,2058.5,1870.8,2003.5,2149.0,2139.3,2060015235
2022-08-01 13:15:00+03:00,2057.9,2039.8,2046.3,1866.4,2210.5,2126.4,2060015235
2022-08-01 13:30:00+03:00,2175.5,2291.4,2044.9,1866.4,2352.8,2322.0,2060015235
2022-08-01 13:45:00+03:00,2242.3,2168.3,1981.8,2421.0,2281.5,2358.9,2060015235
2022-08-01 14:00:00+03:00,2179.6,2254.9,1896.4,2421.0,1961.5,2364.0,2060015235
2022-08-01 14:15:00+03:00,2135.3,2070.0,1837.4,2421.0,2053.4,2294.8,2060015235
2022-08-01 14:30:00+03:00,2117.9,2133.0,1826.7,2421.0,1978.9,2230.0,2060015235
2022-08-01 14:45:00+03:00,1879.9,2045.3,1717.0,1665.8,1885.8,2085.8,2060015235
2022-08-01 15:00:00+03:00,1944.5,2008.3,1703.0,1881.6,1957.0,2172.8,2060015235
2022-08-01 15:15:00+03:00,1767.7,1682.1,1762.3,1878.2,1745.9,1770.0,2060015235
2022-08-01 15:30:00+03:00,1706.7,1631.2,1705.5,1763.6,1734.3,1699.1,2060015235
2022-08-01 15:45:00+03:00,1706.3,1705.8,1655.6,1763.6,1700.0,1706.5,2060015235
2022-08-01 16:00:00+03:00,1589.9,1543.4,1589.9,1763.6,1596.0,1456.4,2060015235
2022-08-01 16:15:00+03:00,1513.4,1265.9,1551.8,1763.6,1473.6,1512.2,2060015235
2022-08-01 16:30:00+03:00,1371.8,999.4,1525.4,1500.3,1466.9,1367.1,2060015235
2022-08-01 16:45:00+03:00,1330.6,980.2,1428.1,1500.3,1472.7,1271.7,2060015235
2022-08-01 17:00:00+03:00,1288.9,1002.1,1279.8,1500.3,1417.1,1245.0,2060015235
2022-08-01 17:15:00+03:00,1170.6,871.8,1236.5,1415.7,1277.2,1051.9,2060015235
2022-08-01 17:30:00+03:00,931.4,863.8,904.8,1365.9,687.5,835.2,2060015235
2022-08-01 17:45:00+03:00,651.7,916.9,491.4,359.2,643.7,847.1,2060015235
2022-08-01 18:00:00+03:00,547.7,759.0,415.8,359.2,545.7,658.9,2060015235
2022-08-01 18:15:00+03:00,873.5,921.0,698.1,1185.7,808.4,754.2,2060015235
2022-08-01 18:30:00+03:00,786.5,851.5,776.0,748.7,839.9,716.3,2060015235
2022-08-01 18:45:00+03:00,584.5,663.6,718.5,300.0,637.4,602.8,2060015235
2022-08-01 19:00:00+03:00,502.1,541.4,546.2,300.0,562.0,560.9,2060015235
2022-08-01 19:15:00+03:00,372.1,350.5,306.5,443.0,397.4,363.0,2060015235
2022-08-01 19:30:00+03:00,273.8,251.3,266.6,263.3,323.6,264.4,2060015235
2022-08-01 19:45:00+03:00,224.4,166.4,151.0,479.4,183.8,141.3,2060015235
2022-08-01 20:00:00+03:00,34.1,25.5,56.5,46.9,21.6,19.9,2060015235
2022-08-01 20:15:00+03:00,35.3,25.9,60.2,46.9,22.9,20.6,2060015235
2022-08-01 20:30:00+03:00,40.8,33.7,63.0,46.9,22.9,37.3,2060015235
2022-08-01 20:45:00+03:00,42.6,38.6,65.5,46.9,22.7,39.5,2060015235
2022-08-01 21:00:00+03:00,7.0,2.6,4.1,4.2,17.2,6.8,2060015235
2022-08-01 21:15:00+03:00,7.7,2.7,3.9,4.2,20.9,6.8,2060015235
2022-08-01 21:30:00+03:00,7.7,2.6,3.8,4.2,21.2,6.5,2060015235
2022-08-01 21:45:00+03:00,7.6,3.3,4.0,4.2,20.4,5.8,2060015235
2022-08-01 22:00:00+03:00,5.3,2.7,1.4,4.2,11.7,6.6,2060015235
2022-08-01 22:15:00+03:00,5.3,2.7,1.4,4.2,11.7,6.6,2060015235
2022-08-01 22:30:00+03:00,5.3,2.6,1.4,4.2,11.7,6.6,2060015235
2022-08-01 22:45:00+03:00,5.1,2.6,1.4,4.2,10.6,6.6,2060015235
2022-08-01 23:00:00+03:00,4.7,2.8,1.4,4.2,8.6,6.6,2060015235
2022-08-01 23:15:00+03:00,2.0,1.3,1.3,4.2,1.6,1.6,2060015235
2022-08-01 23:30:00+03:00,1.3,1.3,1.2,1.0,1.5,1.7,2060015235
2022-08-01 23:45:00+03:00,1.4,1.3,1.2,1.0,1.9,1.7,2060015235
2022-08-02 00:00:00+03:00,1.7,1.7,1.2,1.0,1.8,3.0,2060015235
2022-08-02 00:15:00+03:00,2.2,1.2,1.2,1.0,1.9,5.8,2060015235
2022-08-02 00:30:00+03:00,2.5,1.5,1.2,1.0,2.0,6.7,2060015235
2022-08-02 00:45:00+03:00,1.4,1.3,1.2,1.0,2.1,1.4,2060015235
2022-08-02 01:00:00+03:00,1.6,2.0,1.3,1.0,2.4,1.4,2060015235
2022-08-02 01:15:00+03:00,1.6,1.9,1.3,1.0,2.1,1.5,2060015235
2022-08-02 01:30:00+03:00,1.5,1.9,1.3,1.0,1.8,1.5,2060015235
2022-08-02 01:45:00+03:00,1.4,1.8,1.2,1.0,1.6,1.5,2060015235
2022-08-02 02:00:00+03:00,1.4,1.8,1.2,1.0,1.4,1.5,2060015235
2022-08-02 02:15:00+03:00,1.4,1.6,1.2,1.0,1.5,1.5,2060015235
2022-08-02 02:30:00+03:00,1.4,1.6,1.2,1.0,1.6,1.5,2060015235
2022-08-02 02:45:00+03:00,1.4,1.6,1.2,1.0,1.6,1.5,2060015235
2022-08-02 03:00:00+03:00,1.4,1.6,1.2,1.0,1.5,1.6,2060015235
2022-08-02 03:15:00+03:00,1.4,1.6,1.2,1.0,1.5,1.6,2060015235
2022-08-02 03:30:00+03:00,1.4,1.6,1.2,1.0,1.5,1.5,2060015235
2022-08-02 03:45:00+03:00,1.4,1.6,1.2,1.0,1.5,1.5,2060015235
2022-08-02 04:00:00+03:00,1.4,1.6,1.2,1.0,1.5,1.5,2060015235
2022-08-02 04:15:00+03:00,1.3,1.6,1.2,1.0,1.3,1.5,2060015235
2022-08-02 04:30:00+03:00,1.3,1.7,1.2,1.0,1.3,1.5,2060015235
2022-08-02 04:45:00+03:00,1.3,1.7,1.3,1.0,1.3,1.5,2060015235
2022-08-02 05:00:00+03:00,5.3,7.0,6.6,7.6,2.8,2.7,2060015235
2022-08-02 05:15:00+03:00,5.5,6.2,8.4,7.6,2.6,2.7,2060015235
2022-08-02 05:30:00+03:00,7.4,10.7,11.3,7.6,4.5,2.7,2060015235
2022-08-02 05:45:00+03:00,8.3,10.7,12.4,7.6,4.2,6.5,2060015235
2022-08-02 06:00:00+03:00,89.4,140.3,77.9,101.9,54.0,72.7,2060015235
2022-08-02 06:15:00+03:00,126.4,150.2,134.7,101.6,129.1,116.5,2060015235
2022-08-02 06:30:00+03:00,171.5,176.2,179.8,176.6,177.5,147.1,2060015235
2022-08-02 06:45:00+03:00,214.0,194.0,227.1,278.5,177.5,192.8,2060015235
2022-08-02 07:00:00+03:00,388.0,475.5,403.0,277.9,423.4,360.3,2060015235
2022-08-02 07:15:00+03:00,469.2,471.7,488.5,419.0,554.8,412.0,2060015235
2022-08-02 07:30:00+03:00,644.7,658.5,674.3,773.7,573.6,543.3,2060015235
2022-08-02 07:45:00+03:00,737.6,731.5,735.4,876.9,679.8,664.3,2060015235
2022-08-02 08:00:00+03:00,835.1,807.8,864.2,876.9,835.4,791.0,2060015235
2022-08-02 08:15:00+03:00,959.2,894.0,982.4,1033.8,955.4,930.5,2060015235
2022-08-02 08:30:00+03:00,1158.2,924.9,1281.5,1428.5,1104.0,1052.0,2060015235
2022-08-02 08:45:00+03:00,1368.6,1017.2,1462.4,1887.5,1315.8,1160.1,2060015235
2022-08-02 09:00:00+03:00,1461.0,1109.1,1627.1,1887.5,1368.6,1312.8,2060015235
2022-08-02 09:15:00+03:00,1524.8,1662.1,1718.9,1048.4,1748.8,1446.1,2060015235
2022-08-02 09:30:00+03:00,1761.5,1773.6,1738.4,1866.4,1889.9,1539.4,2060015235
2022-08-02 09:45:00+03:00,1929.8,1797.4,2046.1,2144.3,2033.7,1627.7,2060015235
2022-08-02 10:00:00+03:00,1942.8,1931.7,2056.8,1835.3,2122.8,1767.3,2060015235
2022-08-02 10:15:00+03:00,2113.1,2142.0,2266.8,2015.0,2155.0,1986.6,2060015235
2022-08-02 10:30:00+03:00,2231.2,2247.1,2451.7,2015.0,2349.0,2093.0,2060015235
2022-08-02 10:45:00+03:00,2524.3,2578.3,2591.6,2343.4,2630.3,2477.9,2060015235
2022-08-02 11:00:00+03:00,2763.3,2773.1,2703.0,2881.6,2767.9,2690.8,2060015235
2022-08-02 11:15:00+03:00,2777.8,2801.5,2771.8,2881.6,2774.7,2659.6,2060015235
2022-08-02 11:30:00+03:00,2954.7,2919.8,3056.8,2883.3,2920.4,2993.0,2060015235
2022-08-02 11:45:00+03:00,2977.4,2955.0,3136.4,2883.3,2919.1,2993.0,2060015235
2022-08-02 12:00:00+03:00,3172.4,3045.4,3263.5,3527.3,2954.4,3071.6,2060015235
2022-08-02 12:15:00+03:00,2908.6,2843.4,3111.0,2883.3,2880.4,2824.8,2060015235
2022-08-02 12:30:00+03:00,2806.7,2729.1,2984.9,2977.1,2486.1,2856.4,2060015235
2022-08-02 12:45:00+03:00,1823.6,1815.4,1857.4,1916.2,1569.6,1959.1,2060015235
2022-08-02 13:00:00+03:00,1753.4,1654.5,1810.6,1916.2,1488.0,1897.7,2060015235
2022-08-02 13:15:00+03:00,1610.5,1693.1,1720.0,1097.6,1569.6,1971.9,2060015235
2022-08-02 13:30:00+03:00,2533.5,2569.5,2413.3,2810.2,2270.1,2604.4,2060015235
2022-08-02 13:45:00+03:00,2703.5,2667.6,2525.7,3104.5,2605.0,2614.7,2060015235
2022-08-02 14:00:00+03:00,2798.4,2776.5,2853.7,2946.1,2697.9,2717.8,2060015235
2022-08-02 14:15:00+03:00,2751.8,2742.0,2708.9,2946.1,2655.3,2706.8,2060015235
2022-08-02 14:30:00+03:00,2701.4,2614.7,2587.8,2946.1,2655.3,2702.9,2060015235
2022-08-02 14:45:00+03:00,2715.5,2667.4,2653.8,2946.1,2655.3,2655.2,2060015235
2022-08-02 15:00:00+03:00,2630.0,2609.4,2582.1,2946.1,2533.9,2478.5,2060015235
2022-08-02 15:15:00+03:00,2335.2,2394.0,2364.8,2421.0,2311.5,2184.7,2060015235
2022-08-02 15:30:00+03:00,2286.7,2334.5,2207.4,2551.2,2064.4,2276.1,2060015235
2022-08-02 15:45:00+03:00,2194.8,2173.5,2079.5,2537.3,2027.9,2156.0,2060015235
2022-08-02 16:00:00+03:00,2161.6,2131.4,2021.1,2487.9,2021.0,2146.4,2060015235
2022-08-02 16:15:00+03:00,2081.3,2078.7,1915.9,2487.9,1939.1,1984.8,2060015235
2022-08-02 16:30:00+03:00,2035.7,2081.9,1777.2,2487.9,1946.4,1885.1,2060015235
2022-08-02 16:45:00+03:00,1993.7,1993.2,1783.5,2487.9,1909.3,1794.5,2060015235
2022-08-02 17:00:00+03:00,1644.6,1774.3,1682.0,1542.8,1628.3,1595.7,2060015235
2022-08-02 17:15:00+03:00,1559.6,1525.6,1669.3,1498.6,1583.5,1520.9,2060015235
2022-08-02 17:30:00+03:00,1467.2,1400.4,1532.5,1544.6,1504.2,1354.2,2060015235
2022-08-02 17:45:00+03:00,1288.9,1381.5,1390.2,1065.2,1306.9,1300.9,2060015235
2022-08-02 18:00:00+03:00,1101.2,1160.2,1070.5,1365.0,969.2,941.0,2060015235
2022-08-02 18:15:00+03:00,898.6,851.3,964.3,1046.7,791.1,839.3,2060015235
2022-08-02 18:30:00+03:00,645.1,685.9,833.3,359.2,701.4,645.7,2060015235
2022-08-02 18:45:00+03:00,382.1,376.4,347.6,100.8,595.9,489.6,2060015235
2022-08-02 19:00:00+03:00,186.6,217.6,150.9,148.4,228.3,187.7,2060015235
2022-08-02 19:15:00+03:00,157.2,157.8,130.5,148.4,175.5,173.7,2060015235
2022-08-02 19:30:00+03:00,176.0,188.1,154.0,148.4,177.4,212.3,2060015235
2022-08-02 19:45:00+03:00,142.5,141.4,144.8,108.1,120.6,197.4,2060015235
2022-08-02 20:00:00+03:00,41.6,38.8,64.7,34.5,40.1,30.0,2060015235
2022-08-02 20:15:00+03:00,36.2,36.8,63.8,34.5,21.6,24.4,2060015235
2022-08-02 20:30:00+03:00,38.9,34.3,62.9,46.9,21.7,28.5,2060015235
2022-08-02 20:45:00+03:00,38.9,34.8,63.9,46.9,23.1,25.7,2060015235
2022-08-02 21:00:00+03:00,4.5,2.9,3.4,4.2,9.0,3.0,2060015235
2022-08-02 21:15:00+03:00,5.2,2.7,3.2,4.2,13.0,3.0,2060015235
2022-08-02 21:30:00+03:00,5.9,2.7,3.2,4.2,14.9,4.6,2060015235
2022-08-02 21:45:00+03:00,6.2,3.1,3.2,4.2,14.9,5.4,2060015235
2022-08-02 22:00:00+03:00,4.7,2.0,1.3,4.2,10.3,5.5,2060015235
2022-08-02 22:15:00+03:00,4.9,1.9,1.3,4.2,12.8,4.4,2060015235
2022-08-02 22:30:00+03:00,4.4,2.0,1.3,4.2,11.2,3.1,2060015235
2022-08-02 22:45:00+03:00,4.2,2.0,1.3,4.2,10.6,3.1,2060015235
2022-08-02 23:00:00+03:00,3.5,2.0,1.3,4.2,7.5,2.5,2060015235
2022-08-02 23:15:00+03:00,1.7,1.0,1.3,4.2,1.4,0.7,2060015235
2022-08-02 23:30:00+03:00,1.2,0.9,1.1,1.0,1.6,1.2,2060015235
2022-08-02 23:45:00+03:00,1.4,1.0,1.1,1.0,2.4,1.3,2060015235
2022-08-03 00:00:00+03:00,1.7,1.4,1.2,1.0,2.3,2.4,2060015235
2022-08-03 00:15:00+03:00,1.8,1.4,1.2,1.0,3.2,2.5,2060015235
2022-08-03 00:30:00+03:00,1.8,1.4,1.2,1.0,3.2,2.5,2060015235
2022-08-03 00:45:00+03:00,1.5,1.4,1.2,1.0,1.7,2.2,2060015235
2022-08-03 01:00:00+03:00,1.4,1.2,1.1,1.0,1.7,2.0,2060015235
2022-08-03 01:15:00+03:00,1.3,1.1,1.1,1.0,1.3,2.1,2060015235
2022-08-03 01:30:00+03:00,1.3,1.1,1.1,1.0,1.3,2.1,2060015235
2022-08-03 01:45:00+03:00,1.0,0.9,1.1,1.0,1.1,1.0,2060015235
2022-08-03 02:00:00+03:00,0.9,0.8,1.1,1.0,1.0,0.4,2060015235
2022-08-03 02:15:00+03:00,0.9,0.9,1.0,1.0,0.9,0.4,2060015235
2022-08-03 02:30:00+03:00,0.9,1.0,1.1,1.0,1.0,0.4,2060015235
2022-08-03 02:45:00+03:00,0.9,1.0,1.1,1.0,0.8,0.4,2060015235
2022-08-03 03:00:00+03:00,0.8,0.8,1.1,1.0,0.8,0.2,2060015235
2022-08-03 03:15:00+03:00,0.8,0.8,1.1,1.0,0.7,0.3,2060015235
2022-08-03 03:30:00+03:00,1.0,0.9,1.1,1.0,1.4,0.4,2060015235
2022-08-03 03:45:00+03:00,1.0,1.1,1.1,1.0,1.5,0.4,2060015235
2022-08-03 04:00:00+03:00,1.2,1.3,1.0,1.0,1.5,1.0,2060015235
2022-08-03 04:15:00+03:00,1.1,1.3,1.0,1.0,1.4,1.0,2060015235
2022-08-03 04:30:00+03:00,1.1,1.2,1.0,1.0,1.2,1.0,2060015235
2022-08-03 04:45:00+03:00,1.1,1.2,1.1,1.0,1.2,1.0,2060015235
2022-08-03 05:00:00+03:00,5.9,5.3,5.4,14.2,2.6,1.8,2060015235
2022-08-03 05:15:00+03:00,6.4,5.0,6.8,14.2,2.9,2.8,2060015235
2022-08-03 05:30:00+03:00,6.8,5.5,7.9,14.2,3.4,3.1,2060015235
2022-08-03 05:45:00+03:00,7.2,5.7,9.9,14.2,4.7,1.7,2060015235
2022-08-03 06:00:00+03:00,100.6,105.0,90.0,78.2,130.8,99.0,2060015235
2022-08-03 06:15:00+03:00,144.1,166.1,138.5,120.3,148.3,147.3,2060015235
2022-08-03 06:30:00+03:00,176.4,192.0,174.4,218.5,156.1,141.2,2060015235
2022-08-03 06:45:00+03:00,201.5,168.8,224.4,214.3,187.2,212.8,2060015235
2022-08-03 07:00:00+03:00,390.9,431.3,353.4,277.9,451.6,440.6,2060015235
2022-08-03 07:15:00+03:00,476.8,463.8,462.1,419.0,539.4,499.8,2060015235
2022-08-03 07:30:00+03:00,689.3,620.4,717.6,640.9,688.0,779.8,2060015235
2022-08-03 07:45:00+03:00,777.2,718.6,832.0,799.0,695.0,841.7,2060015235
2022-08-03 08:00:00+03:00,933.6,837.0,920.0,972.9,940.7,997.5,2060015235
2022-08-03 08:15:00+03:00,1080.9,1061.5,1048.8,1109.1,1039.2,1146.0,2060015235
2022-08-03 08:30:00+03:00,1272.0,1159.7,1185.5,1428.5,1242.3,1343.9,2060015235
2022-08-03 08:45:00+03:00,1485.5,1256.3,1452.0,1718.0,1492.3,1508.7,2060015235
2022-08-03 09:00:00+03:00,1575.5,1317.9,1618.1,1718.0,1561.1,1662.5,2060015235
2022-08-03 09:15:00+03:00,1764.6,1671.3,1640.1,2064.3,1635.4,1811.8,2060015235
2022-08-03 09:30:00+03:00,1948.1,2043.1,1734.4,1912.2,2119.0,1931.6,2060015235
2022-08-03 09:45:00+03:00,2146.3,2183.3,2037.4,2144.3,2305.6,2060.6,2060015235
2022-08-03 10:00:00+03:00,2112.6,2062.7,2062.4,1765.3,2442.7,2229.7,2060015235
2022-08-03 10:15:00+03:00,2212.7,2396.6,2241.8,1765.3,2412.7,2246.9,2060015235
2022-08-03 10:30:00+03:00,2301.7,2518.2,2441.7,1765.3,2412.7,2370.4,2060015235
2022-08-03 10:45:00+03:00,2736.2,2732.9,2619.9,2871.7,2800.3,2656.0,2060015235
2022-08-03 11:00:00+03:00,2813.2,2747.9,2672.5,3114.1,2771.2,2760.3,2060015235
2022-08-03 11:15:00+03:00,2825.1,2805.5,2674.6,3114.1,2771.2,2760.3,2060015235
2022-08-03 11:30:00+03:00,2858.3,2842.1,2745.4,3208.5,2787.4,2708.1,2060015235
2022-08-03 11:45:00+03:00,2970.3,2934.8,2998.7,2977.1,2978.8,2961.9,2060015235
2022-08-03 12:00:00+03:00,2967.8,2927.7,2991.7,2977.1,2999.8,2942.6,2060015235
2022-08-03 12:15:00+03:00,2948.9,2938.2,2975.6,2883.3,3003.6,2944.0,2060015235
2022-08-03 12:30:00+03:00,2917.2,2866.7,2910.9,2883.3,2992.7,2932.2,2060015235
2022-08-03 12:45:00+03:00,2861.5,2848.4,2749.8,2682.5,2811.5,3215.1,2060015235
2022-08-03 13:00:00+03:00,2738.7,2751.8,2473.4,3104.5,2709.8,2653.9,2060015235
2022-08-03 13:15:00+03:00,2734.0,2732.1,2458.9,3104.5,2709.8,2664.9,2060015235
2022-08-03 13:30:00+03:00,2704.6,2761.2,2382.6,3104.5,2676.0,2598.6,2060015235
2022-08-03 13:45:00+03:00,2691.1,2753.7,2394.6,3104.5,2676.0,2527.0,2060015235
2022-08-03 14:00:00+03:00,2588.8,2476.1,2330.7,3104.5,2566.9,2465.8,2060015235
2022-08-03 14:15:00+03:00,2498.7,2616.8,2455.2,2343.1,2571.9,2506.7,2060015235
2022-08-03 14:30:00+03:00,2424.1,2553.2,2433.4,2343.1,2259.4,2531.4,2060015235
2022-08-03 14:45:00+03:00,1636.1,1782.1,1709.7,1092.3,1543.6,2052.9,2060015235
2022-08-03 15:00:00+03:00,1845.7,1818.4,1673.4,2393.4,1528.2,1815.2,2060015235
2022-08-03 15:15:00+03:00,1890.3,1813.3,1670.7,2393.4,1758.9,1815.2,2060015235
2022-08-03 15:30:00+03:00,1901.2,1821.3,1689.9,2393.4,1786.2,1815.2,2060015235
2022-08-03 15:45:00+03:00,1904.6,1811.1,1740.6,2393.4,1762.8,1815.2,2060015235
2022-08-03 16:00:00+03:00,1905.1,1812.0,1750.3,2393.4,1757.9,1812.0,2060015235
2022-08-03 16:15:00+03:00,1846.2,1732.0,1761.5,2224.2,1752.3,1760.9,2060015235
2022-08-03 16:30:00+03:00,1849.2,1684.1,1774.5,2221.3,1789.0,1777.1,2060015235
2022-08-03 16:45:00+03:00,1836.0,1780.5,1787.0,2154.8,1743.6,1714.2,2060015235
2022-08-03 17:00:00+03:00,1797.6,1818.5,1799.7,2154.8,1639.6,1575.5,2060015235
2022-08-03 17:15:00+03:00,1665.2,1756.0,1765.9,1484.7,1727.5,1591.7,2060015235
2022-08-03 17:30:00+03:00,1621.6,1603.4,1725.7,1635.7,1662.7,1480.4,2060015235
2022-08-03 17:45:00+03:00,1514.1,1506.5,1475.9,1635.7,1642.5,1309.8,2060015235
2022-08-03 18:00:00+03:00,798.3,1279.6,711.8,281.3,856.7,862.2,2060015235
2022-08-03 18:15:00+03:00,1013.7,1204.9,977.8,855.2,1033.2,997.3,2060015235
2022-08-03 18:30:00+03:00,921.8,968.7,914.6,855.2,924.4,946.3,2060015235
2022-08-03 18:45:00+03:00,934.0,922.9,808.2,1406.7,835.1,697.0,2060015235
2022-08-03 19:00:00+03:00,414.6,475.0,492.0,272.1,450.5,383.4,2060015235
2022-08-03 19:15:00+03:00,335.8,400.6,307.1,100.8,447.0,423.6,2060015235
2022-08-03 19:30:00+03:00,342.6,382.9,265.1,312.6,398.7,353.6,2060015235
2022-08-03 19:45:00+03:00,208.4,192.3,203.7,148.4,274.2,223.7,2060015235
2022-08-03 20:00:00+03:00,51.2,31.8,71.1,39.3,49.2,64.3,2060015235
2022-08-03 20:15:00+03:00,44.3,30.8,68.0,39.3,27.9,55.5,2060015235
2022-08-03 20:30:00+03:00,46.1,29.1,68.2,39.3,32.4,61.6,2060015235
2022-08-03 20:45:00+03:00,47.2,31.0,67.2,39.3,36.5,61.7,2060015235
2022-08-03 21:00:00+03:00,6.2,2.6,2.5,4.2,15.1,6.6,2060015235
2022-08-03 21:15:00+03:00,6.2,2.7,2.4,4.2,15.2,6.3,2060015235
2022-08-03 21:30:00+03:00,6.2,3.1,2.4,4.2,15.1,6.3,2060015235
2022-08-03 21:45:00+03:00,6.7,3.9,2.4,4.2,15.1,7.7,2060015235
2022-08-03 22:00:00+03:00,5.3,3.0,1.4,4.2,9.4,8.7,2060015235
2022-08-03 22:15:00+03:00,4.8,3.0,1.3,4.2,8.7,6.9,2060015235
2022-08-03 22:30:00+03:00,4.8,2.9,1.3,4.2,8.7,6.9,2060015235
2022-08-03 22:45:00+03:00,4.1,2.9,1.3,4.2,7.8,4.5,2060015235
2022-08-03 23:00:00+03:00,3.8,3.3,1.3,4.2,5.6,4.7,2060015235
2022-08-03 23:15:00+03:00,2.0,1.6,1.3,4.2,0.9,1.9,2060015235
2022-08-03 23:30:00+03:00,1.2,1.1,1.1,1.0,1.1,1.9,2060015235
2022-08-03 23:45:00+03:00,1.3,1.1,1.1,1.0,1.5,1.7,2060015235
2022-08-04 00:00:00+03:00,2.0,1.6,1.5,1.0,2.4,3.7,2060015235
2022-08-04 00:15:00+03:00,2.9,1.7,1.5,1.0,3.2,7.1,2060015235
2022-08-04 00:30:00+03:00,2.9,1.7,1.4,1.0,3.0,7.1,2060015235
2022-08-04 00:45:00+03:00,3.8,1.7,1.3,1.0,3.4,11.7,2060015235
2022-08-04 01:00:00+03:00,3.6,2.0,1.2,1.0,3.1,10.9,2060015235
2022-08-04 01:15:00+03:00,3.4,1.7,1.2,1.0,2.2,10.8,2060015235
2022-08-04 01:30:00+03:00,2.6,1.7,1.2,1.0,2.2,6.9,2060015235
2022-08-04 01:45:00+03:00,2.5,1.6,1.2,1.0,1.8,6.9,2060015235
2022-08-04 02:00:00+03:00,3.3,1.6,1.2,1.0,1.8,10.8,2060015235
2022-08-04 02:15:00+03:00,2.5,1.6,1.2,1.0,2.0,6.8,2060015235
2022-08-04 02:30:00+03:00,2.8,1.7,1.2,1.0,1.9,8.4,2060015235
2022-08-04 02:45:00+03:00,2.9,1.7,1.1,1.0,2.1,8.5,2060015235
2022-08-04 03:00:00+03:00,2.9,2.2,1.2,1.0,2.1,7.9,2060015235
2022-08-04 03:15:00+03:00,2.8,2.1,1.1,1.0,1.8,8.0,2060015235
2022-08-04 03:30:00+03:00,2.9,2.1,1.1,1.0,3.0,7.4,2060015235
2022-08-04 03:45:00+03:00,3.1,2.4,1.1,1.0,3.2,7.6,2060015235
2022-08-04 04:00:00+03:00,3.9,2.2,1.2,1.0,3.4,11.9,2060015235
2022-08-04 04:15:00+03:00,2.9,2.1,1.2,1.0,2.8,7.7,2060015235
2022-08-04 04:30:00+03:00,2.9,2.1,1.1,1.0,2.7,7.7,2060015235
2022-08-04 04:45:00+03:00,2.9,2.0,1.2,1.0,2.6,7.8,2060015235
2022-08-04 05:00:00+03:00,10.6,11.4,7.6,14.2,5.8,14.2,2060015235
2022-08-04 05:15:00+03:00,10.7,10.4,9.8,14.2,5.5,13.7,2060015235
2022-08-04 05:30:00+03:00,11.8,11.8,10.4,14.2,9.7,12.8,2060015235
2022-08-04 05:45:00+03:00,10.8,11.7,11.6,14.2,8.9,7.4,2060015235
2022-08-04 06:00:00+03:00,86.2,107.0,80.1,111.2,70.5,62.2,2060015235
2022-08-04 06:15:00+03:00,119.2,129.8,93.5,111.2,161.3,100.1,2060015235
2022-08-04 06:30:00+03:00,157.8,152.0,164.9,218.5,125.2,128.6,2060015235
2022-08-04 06:45:00+03:00,198.9,180.5,216.8,214.3,151.2,231.7,2060015235
2022-08-04 07:00:00+03:00,404.9,457.2,379.2,277.9,458.8,451.4,2060015235
2022-08-04 07:15:00+03:00,463.6,460.2,456.3,419.0,492.5,490.0,2060015235
2022-08-04 07:30:00+03:00,650.5,632.3,613.9,593.1,707.4,706.0,2060015235
2022-08-04 07:45:00+03:00,764.1,805.4,824.2,507.9,817.9,864.9,2060015235
2022-08-04 08:00:00+03:00,952.0,903.5,901.6,1074.5,966.3,914.1,2060015235
2022-08-04 08:15:00+03:00,1091.9,1130.5,1067.3,1109.1,1027.4,1125.4,2060015235
2022-08-04 08:30:00+03:00,1280.1,1171.1,1116.4,1489.6,1233.6,1390.0,2060015235
2022-08-04 08:45:00+03:00,1234.9,1142.9,1454.8,895.1,1427.2,1254.7,2060015235
2022-08-04 09:00:00+03:00,1235.7,1177.4,1599.9,895.1,1229.0,1277.1,2060015235
2022-08-04 09:15:00+03:00,1475.2,1510.0,1637.6,1048.4,1633.2,1546.9,2060015235
2022-08-04 09:30:00+03:00,1919.5,1983.0,1840.1,1866.4,1985.1,1922.8,2060015235
2022-08-04 09:45:00+03:00,2218.8,2146.8,2237.0,2144.3,2488.8,2076.9,2060015235
2022-08-04 10:00:00+03:00,2436.7,2170.3,2268.0,2798.8,2685.1,2261.2,2060015235
2022-08-04 10:15:00+03:00,2501.4,2394.8,2360.1,2798.8,2670.5,2282.5,2060015235
2022-08-04 10:30:00+03:00,2597.0,2582.8,2557.4,2798.8,2655.7,2390.1,2060015235
2022-08-04 10:45:00+03:00,2858.0,2888.1,2759.0,2871.7,3115.8,2655.7,2060015235
2022-08-04 11:00:00+03:00,2938.1,2885.7,2843.0,3114.1,3083.4,2764.0,2060015235
2022-08-04 11:15:00+03:00,2925.1,2834.9,2858.6,3114.1,3066.1,2752.0,2060015235
2022-08-04 11:30:00+03:00,2847.7,2956.1,2837.7,2727.4,2957.6,2759.7,2060015235
2022-08-04 11:45:00+03:00,3035.1,3036.0,3043.4,2883.3,3170.5,3042.2,2060015235
2022-08-04 12:00:00+03:00,3038.2,3061.3,3106.3,2883.3,3097.7,3042.2,2060015235
2022-08-04 12:15:00+03:00,3031.9,3057.3,3148.3,2883.3,3020.0,3050.4,2060015235
2022-08-04 12:30:00+03:00,3054.3,3062.2,3213.0,2883.3,3051.3,3061.8,2060015235
2022-08-04 12:45:00+03:00,3040.5,3119.4,3158.9,2871.3,3038.1,3014.9,2060015235
2022-08-04 13:00:00+03:00,3193.7,3057.9,3119.0,3772.9,3066.6,2952.2,2060015235
2022-08-04 13:15:00+03:00,2861.4,3019.3,2868.1,2729.7,2853.8,2836.0,2060015235
2022-08-04 13:30:00+03:00,2872.7,3039.4,2905.7,2729.7,2853.8,2834.6,2060015235
2022-08-04 13:45:00+03:00,2873.7,3033.5,2922.7,2729.7,2853.8,2828.5,2060015235
2022-08-04 14:00:00+03:00,2767.4,2900.8,2919.8,2729.7,2726.9,2559.8,2060015235
2022-08-04 14:15:00+03:00,2776.3,2967.9,2771.7,2729.7,2717.4,2695.0,2060015235
2022-08-04 14:30:00+03:00,2740.0,2816.2,2652.5,2729.7,2759.8,2741.8,2060015235
2022-08-04 14:45:00+03:00,2904.3,2836.3,2758.8,3424.8,2759.8,2741.8,2060015235
2022-08-04 15:00:00+03:00,2783.3,2855.1,2798.5,2946.1,2656.7,2660.0,2060015235
2022-08-04 15:15:00+03:00,2664.2,2866.0,2737.4,2651.5,2571.8,2494.1,2060015235
2022-08-04 15:30:00+03:00,2352.0,2526.4,2210.3,2421.0,2382.0,2220.2,2060015235
2022-08-04 15:45:00+03:00,2263.9,2533.4,2145.2,2349.5,2076.5,2215.1,2060015235
2022-08-04 16:00:00+03:00,1885.2,2292.3,1928.4,1086.3,2010.1,2108.7,2060015235
2022-08-04 16:15:00+03:00,1838.4,2203.7,1878.3,1086.3,2010.1,2013.8,2060015235
2022-08-04 16:30:00+03:00,1775.9,2017.0,1780.0,1086.3,2017.2,1979.2,2060015235
2022-08-04 16:45:00+03:00,1677.4,1988.2,1669.4,1086.3,1906.2,1737.0,2060015235
2022-08-04 17:00:00+03:00,1781.3,1932.5,1644.8,1691.2,2045.8,1592.4,2060015235
2022-08-04 17:15:00+03:00,1722.0,1837.3,1669.6,1691.2,1859.8,1552.3,2060015235
2022-08-04 17:30:00+03:00,1558.7,1507.3,1549.7,1607.9,1755.9,1372.8,2060015235
2022-08-04 17:45:00+03:00,1407.9,1435.9,1467.1,1544.6,1341.8,1250.4,2060015235
2022-08-04 18:00:00+03:00,1044.7,1083.8,1003.8,1230.5,1012.8,892.5,2060015235
2022-08-04 18:15:00+03:00,926.8,990.4,954.4,806.0,1001.7,881.6,2060015235
2022-08-04 18:30:00+03:00,815.4,785.2,842.8,806.0,876.7,766.3,2060015235
2022-08-04 18:45:00+03:00,747.5,632.8,706.9,873.9,789.1,734.7,2060015235
2022-08-04 19:00:00+03:00,328.9,394.9,342.0,100.8,414.9,391.9,2060015235
2022-08-04 19:15:00+03:00,266.7,244.2,266.1,129.4,341.0,353.0,2060015235
2022-08-04 19:30:00+03:00,296.8,237.3,251.9,312.6,362.9,319.6,2060015235
2022-08-04 19:45:00+03:00,316.3,271.5,232.9,479.4,338.3,259.2,2060015235
2022-08-04 20:00:00+03:00,56.9,69.1,80.9,34.5,37.1,63.1,2060015235
2022-08-04 20:15:00+03:00,52.0,61.4,78.3,34.5,27.5,58.2,2060015235
2022-08-04 20:30:00+03:00,58.9,47.0,73.5,46.9,36.4,90.9,2060015235
2022-08-04 20:45:00+03:00,63.4,50.2,83.8,46.9,39.9,96.1,2060015235
2022-08-04 21:00:00+03:00,8.8,3.3,3.6,4.2,24.3,8.6,2060015235
2022-08-04 21:15:00+03:00,10.1,3.2,3.4,4.2,29.3,10.3,2060015235
2022-08-04 21:30:00+03:00,9.1,4.0,3.4,4.2,23.9,9.9,2060015235
2022-08-04 21:45:00+03:00,6.4,3.3,3.5,4.2,13.9,7.3,2060015235
2022-08-04 22:00:00+03:00,5.2,3.0,1.4,4.2,7.8,9.3,2060015235
2022-08-04 22:15:00+03:00,4.2,2.6,1.3,4.2,7.8,5.1,2060015235
2022-08-04 22:30:00+03:00,4.2,2.4,1.3,4.2,7.9,5.1,2060015235
2022-08-04 22:45:00+03:00,3.9,2.2,1.3,4.2,8.6,3.3,2060015235
2022-08-04 23:00:00+03:00,4.6,2.4,1.3,4.2,9.1,5.8,2060015235
2022-08-04 23:15:00+03:00,6.0,2.5,1.3,4.2,10.9,11.3,2060015235
2022-08-04 23:30:00+03:00,7.4,2.5,1.3,4.2,17.8,11.3,2060015235
2022-08-04 23:45:00+03:00,7.7,2.5,1.3,4.2,17.8,12.6,2060015235
2022-08-05 00:00:00+03:00,4.6,1.8,1.4,1.0,2.9,16.1,2060015235
2022-08-05 00:15:00+03:00,4.6,1.8,1.3,1.0,3.1,16.0,2060015235
2022-08-05 00:30:00+03:00,4.6,2.1,1.2,1.0,3.0,15.8,2060015235
2022-08-05 00:45:00+03:00,4.6,2.3,1.2,1.0,2.9,15.6,2060015235
2022-08-05 01:00:00+03:00,5.0,1.7,1.1,1.0,2.9,18.2,2060015235
2022-08-05 01:15:00+03:00,4.9,1.7,1.1,1.0,2.7,18.1,2060015235
2022-08-05 01:30:00+03:00,4.9,1.7,1.1,1.0,2.7,18.1,2060015235
2022-08-05 01:45:00+03:00,4.9,1.7,1.1,1.0,2.8,18.1,2060015235
2022-08-05 02:00:00+03:00,3.7,1.8,1.1,1.0,3.1,11.6,2060015235
2022-08-05 02:15:00+03:00,2.5,1.1,1.2,1.0,1.6,7.4,2060015235
2022-08-05 02:30:00+03:00,1.3,1.1,1.3,1.0,1.2,1.7,2060015235
2022-08-05 02:45:00+03:00,0.9,0.8,1.2,1.0,1.1,0.3,2060015235
2022-08-05 03:00:00+03:00,1.0,1.0,1.4,1.0,0.9,0.4,2060015235
2022-08-05 03:15:00+03:00,0.9,0.8,1.2,1.0,1.0,0.2,2060015235
2022-08-05 03:30:00+03:00,1.3,1.1,1.2,1.0,1.5,1.6,2060015235
2022-08-05 03:45:00+03:00,2.3,1.7,1.1,1.0,1.1,6.6,2060015235
2022-08-05 04:00:00+03:00,2.9,2.0,1.0,1.0,2.1,8.6,2060015235
2022-08-05 04:15:00+03:00,2.6,1.9,1.2,1.0,1.0,7.7,2060015235
2022-08-05 04:30:00+03:00,1.3,1.4,1.3,1.0,0.8,2.1,2060015235
2022-08-05 04:45:00+03:00,1.0,1.4,1.4,1.0,0.7,0.5,2060015235
2022-08-05 05:00:00+03:00,5.8,5.5,7.2,14.2,1.2,0.8,2060015235
2022-08-05 05:15:00+03:00,5.9,5.7,7.1,14.2,1.5,0.8,2060015235
2022-08-05 05:30:00+03:00,6.1,5.7,6.1,14.2,1.5,3.0,2060015235
2022-08-05 05:45:00+03:00,9.1,8.4,6.6,14.2,4.6,11.7,2060015235
2022-08-05 06:00:00+03:00,90.6,93.9,74.3,111.2,69.5,104.3,2060015235
2022-08-05 06:15:00+03:00,115.8,106.1,124.2,122.2,117.2,109.1,2060015235
2022-08-05 06:30:00+03:00,142.4,123.2,164.5,218.5,112.7,93.1,2060015235
2022-08-05 06:45:00+03:00,191.5,169.2,221.6,214.3,149.2,203.2,2060015235
2022-08-05 07:00:00+03:00,394.1,438.5,354.1,316.2,451.9,410.0,2060015235
2022-08-05 07:15:00+03:00,450.0,462.3,446.6,331.1,527.7,482.0,2060015235
2022-08-05 07:30:00+03:00,633.7,600.5,598.1,593.1,691.9,685.1,2060015235
2022-08-05 07:45:00+03:00,748.2,794.7,804.3,507.9,794.0,840.1,2060015235
2022-08-05 08:00:00+03:00,964.0,910.4,907.4,1074.5,940.4,987.4,2060015235
2022-08-05 08:15:00+03:00,1100.5,1120.0,1081.3,1109.1,1039.5,1152.6,2060015235
2022-08-05 08:30:00+03:00,1301.0,1249.8,1271.2,1324.4,1240.5,1419.0,2060015235
2022-08-05 08:45:00+03:00,1545.9,1460.5,1628.5,1550.9,1572.9,1517.0,2060015235
2022-08-05 09:00:00+03:00,1682.6,1552.3,1773.7,1743.2,1646.4,1697.6,2060015235
2022-08-05 09:15:00+03:00,1880.4,1859.1,1831.9,1768.3,2062.8,1880.0,2060015235
2022-08-05 09:30:00+03:00,2022.7,2085.4,1983.6,1866.4,2203.2,1975.0,2060015235
2022-08-05 09:45:00+03:00,2194.6,2147.6,2300.8,2144.3,2309.3,2070.7,2060015235
2022-08-05 10:00:00+03:00,2306.5,2216.0,2302.4,2467.6,2369.5,2177.1,2060015235
2022-08-05 10:15:00+03:00,2378.8,2275.7,2256.6,2798.8,2375.1,2187.6,2060015235
2022-08-05 10:30:00+03:00,2483.7,2496.9,2493.7,2798.8,2376.9,2252.2,2060015235
2022-08-05 10:45:00+03:00,1926.2,1902.5,1995.9,1926.5,1704.9,2101.3,2060015235
2022-08-05 11:00:00+03:00,1932.5,2002.1,1969.6,1926.5,1726.9,2037.4,2060015235
2022-08-05 11:15:00+03:00,2574.1,2530.2,2699.3,2881.6,2169.4,2589.9,2060015235
2022-08-05 11:30:00+03:00,3024.4,2981.8,3081.7,2996.2,3123.2,2938.9,2060015235
2022-08-05 11:45:00+03:00,3018.8,3073.4,3116.1,2871.3,3108.3,2924.6,2060015235
2022-08-05 12:00:00+03:00,3020.4,3064.3,3035.7,2871.3,3080.6,3050.3,2060015235
2022-08-05 12:15:00+03:00,2878.9,2984.3,2884.9,2881.6,2852.0,2791.5,2060015235
2022-08-05 12:30:00+03:00,2757.4,2837.4,2681.6,2881.6,2757.4,2628.9,2060015235
2022-08-05 12:45:00+03:00,1871.6,1765.1,2032.2,1765.3,1922.1,1873.3,2060015235
2022-08-05 13:00:00+03:00,1605.9,1491.3,1725.8,1765.3,1591.8,1455.2,2060015235
2022-08-05 13:15:00+03:00,1810.6,1708.7,1956.2,1765.3,1823.6,1799.2,2060015235
2022-08-05 13:30:00+03:00,2444.7,2634.3,2451.6,1916.0,2664.2,2557.5,2060015235
2022-08-05 13:45:00+03:00,2965.8,2898.2,2957.9,2921.1,3084.0,2967.7,2060015235
2022-08-05 14:00:00+03:00,2900.5,2979.3,3070.2,2566.2,2823.3,3063.4,2060015235
2022-08-05 14:15:00+03:00,2996.4,2940.5,3031.9,3164.9,2899.7,2945.0,2060015235
2022-08-05 14:30:00+03:00,2905.9,2824.0,3032.1,2814.5,2924.7,2934.3,2060015235
2022-08-05 14:45:00+03:00,2882.1,2819.5,2987.3,2814.5,2916.3,2873.2,2060015235
2022-08-05 15:00:00+03:00,2555.8,2674.5,2558.0,2229.3,2605.8,2711.2,2060015235
2022-08-05 15:15:00+03:00,2462.4,2661.1,2405.0,2229.3,2453.8,2562.7,2060015235
2022-08-05 15:30:00+03:00,2358.2,2418.9,2390.6,2229.3,2400.4,2351.6,2060015235
2022-08-05 15:45:00+03:00,2241.6,2292.9,2213.5,2229.3,2250.7,2221.7,2060015235
2022-08-05 16:00:00+03:00,1725.9,1984.6,1849.5,1086.3,1863.3,1845.7,2060015235
2022-08-05 16:15:00+03:00,1654.9,1821.4,1714.1,1086.3,1890.2,1762.7,2060015235
2022-08-05 16:30:00+03:00,1633.1,1873.8,1636.8,1086.3,1827.2,1741.6,2060015235
2022-08-05 16:45:00+03:00,1624.7,1917.9,1664.5,1086.3,1816.5,1638.6,2060015235
2022-08-05 17:00:00+03:00,1685.8,1878.4,1604.1,1691.2,1779.8,1475.4,2060015235
2022-08-05 17:15:00+03:00,1635.1,1731.3,1677.9,1691.2,1607.7,1467.4,2060015235
2022-08-05 17:30:00+03:00,1579.8,1600.0,1665.7,1695.2,1563.5,1374.5,2060015235
2022-08-05 17:45:00+03:00,1439.0,1503.3,1481.8,1544.6,1520.7,1144.7,2060015235
2022-08-05 18:00:00+03:00,1052.0,1180.9,936.1,1230.5,1025.8,886.8,2060015235
2022-08-05 18:15:00+03:00,1008.4,1109.5,949.8,1046.7,1016.3,919.9,2060015235
2022-08-05 18:30:00+03:00,906.3,889.1,954.3,1046.7,895.5,745.9,2060015235
2022-08-05 18:45:00+03:00,725.5,696.9,823.3,784.1,694.5,628.7,2060015235
2022-08-05 19:00:00+03:00,360.1,404.2,323.8,299.5,418.8,354.0,2060015235
2022-08-05 19:15:00+03:00,313.2,310.3,312.0,292.2,334.5,316.9,2060015235
2022-08-05 19:30:00+03:00,358.4,278.5,243.4,479.4,412.6,378.3,2060015235
2022-08-05 19:45:00+03:00,325.1,250.6,240.5,479.4,307.1,348.0,2060015235
2022-08-05 20:00:00+03:00,43.1,35.8,79.3,34.5,25.7,40.2,2060015235
2022-08-05 20:15:00+03:00,46.2,39.3,87.4,34.5,33.7,36.3,2060015235
2022-08-05 20:30:00+03:00,43.6,36.4,77.4,34.5,35.4,34.1,2060015235
2022-08-05 20:45:00+03:00,49.5,37.9,76.9,62.3,31.6,38.6,2060015235
2022-08-05 21:00:00+03:00,6.3,3.4,3.5,4.2,14.8,5.4,2060015235
2022-08-05 21:15:00+03:00,6.3,3.5,3.2,4.2,16.9,3.9,2060015235
2022-08-05 21:30:00+03:00,7.0,3.2,2.5,4.2,18.0,7.3,2060015235
2022-08-05 21:45:00+03:00,7.1,3.2,2.6,4.2,18.3,7.4,2060015235
2022-08-05 22:00:00+03:00,4.8,2.4,1.4,4.2,8.8,6.9,2060015235
2022-08-05 22:15:00+03:00,4.8,2.4,1.4,4.2,8.4,7.4,2060015235
2022-08-05 22:30:00+03:00,4.8,3.0,1.4,4.2,8.4,6.8,2060015235
2022-08-05 22:45:00+03:00,4.7,2.9,1.3,4.2,8.3,6.9,2060015235
2022-08-05 23:00:00+03:00,4.7,2.8,1.3,4.2,8.1,7.2,2060015235
2022-08-05 23:15:00+03:00,4.7,2.8,1.3,4.2,8.2,7.2,2060015235
2022-08-05 23:30:00+03:00,4.6,2.7,1.3,4.2,8.2,6.7,2060015235
2022-08-05 23:45:00+03:00,6.3,3.0,1.3,4.2,15.5,7.4,2060015235
2022-08-06 00:00:00+03:00,2.5,1.8,1.4,1.0,2.4,5.8,2060015235
2022-08-06 00:15:00+03:00,2.5,1.8,1.4,1.0,2.4,5.8,2060015235
2022-08-06 00:30:00+03:00,2.5,1.8,1.4,1.0,2.4,5.9,2060015235
2022-08-06 00:45:00+03:00,2.1,1.4,1.3,1.0,2.5,4.3,2060015235
2022-08-06 01:00:00+03:00,2.1,1.5,1.3,1.0,2.5,4.3,2060015235
2022-08-06 01:15:00+03:00,2.2,1.5,1.3,1.0,2.7,4.3,2060015235
2022-08-06 01:30:00+03:00,2.1,1.5,1.3,1.0,2.6,4.3,2060015235
2022-08-06 01:45:00+03:00,2.7,1.7,1.3,1.0,2.6,6.7,2060015235
2022-08-06 02:00:00+03:00,2.7,1.7,1.2,1.0,2.6,6.8,2060015235
2022-08-06 02:15:00+03:00,2.6,2.2,1.3,1.0,2.7,6.0,2060015235
2022-08-06 02:30:00+03:00,2.9,2.1,1.3,1.0,2.8,7.5,2060015235
2022-08-06 02:45:00+03:00,3.0,3.0,1.3,1.0,2.8,6.9,2060015235
2022-08-06 03:00:00+03:00,2.8,2.2,1.3,1.0,2.8,6.9,2060015235
2022-08-06 03:15:00+03:00,2.7,2.1,1.3,1.0,2.1,7.1,2060015235
2022-08-06 03:30:00+03:00,3.1,2.5,1.3,1.0,3.3,7.7,2060015235
2022-08-06 03:45:00+03:00,2.7,2.2,1.2,1.0,2.1,6.9,2060015235
2022-08-06 04:00:00+03:00,2.7,2.3,1.2,1.0,2.3,6.6,2060015235
2022-08-06 04:15:00+03:00,2.4,2.4,1.3,1.0,1.1,6.4,2060015235
2022-08-06 04:30:00+03:00,1.5,1.8,1.3,1.0,1.0,2.4,2060015235
2022-08-06 04:45:00+03:00,1.0,1.4,1.3,1.0,0.9,0.5,2060015235
2022-08-06 05:00:00+03:00,5.9,5.6,7.4,14.2,1.3,0.8,2060015235
2022-08-06 05:15:00+03:00,5.8,5.4,7.0,14.2,1.7,0.8,2060015235
2022-08-06 05:30:00+03:00,5.9,5.5,7.0,14.2,1.9,1.0,2060015235
2022-08-06 05:45:00+03:00,6.9,6.9,6.5,14.2,2.1,4.5,2060015235
2022-08-06 06:00:00+03:00,57.6,64.9,58.1,55.5,29.0,80.3,2060015235
2022-08-06 06:15:00+03:00,84.4,95.0,79.9,55.5,118.3,73.1,2060015235
2022-08-06 06:30:00+03:00,135.5,114.9,135.7,212.9,117.9,96.1,2060015235
2022-08-06 06:45:00+03:00,195.2,136.6,178.7,276.5,163.7,220.7,2060015235
2022-08-06 07:00:00+03:00,362.0,380.9,339.0,279.5,414.8,396.0,2060015235
2022-08-06 07:15:00+03:00,417.6,397.7,436.4,395.8,419.4,438.9,2060015235
2022-08-06 07:30:00+03:00,626.4,557.7,615.3,640.9,665.9,652.4,2060015235
2022-08-06 07:45:00+03:00,792.2,757.4,809.1,799.0,796.4,799.3,2060015235
2022-08-06 08:00:00+03:00,912.2,887.0,906.7,876.9,940.7,949.8,2060015235
2022-08-06 08:15:00+03:00,1033.3,1136.0,1068.7,855.2,1017.4,1089.2,2060015235
2022-08-06 08:30:00+03:00,1285.1,1221.3,1223.1,1489.6,1188.8,1302.9,2060015235
2022-08-06 08:45:00+03:00,1448.5,1356.3,1479.3,1601.8,1406.0,1399.2,2060015235
2022-08-06 09:00:00+03:00,1328.0,1307.8,1620.4,895.1,1440.1,1376.9,2060015235
2022-08-06 09:15:00+03:00,1631.1,1736.5,1708.0,1048.4,1904.7,1757.9,2060015235
2022-08-06 09:30:00+03:00,1951.8,2005.8,1783.7,2107.6,1990.7,1871.1,2060015235
2022-08-06 09:45:00+03:00,2165.8,2113.1,2050.3,2421.0,2181.9,2062.6,2060015235
2022-08-06 10:00:00+03:00,2302.8,2179.1,2315.5,2551.2,2156.8,2311.4,2060015235
2022-08-06 10:15:00+03:00,2360.8,2393.6,2367.1,2551.2,2052.5,2439.5,2060015235
2022-08-06 10:30:00+03:00,2422.8,2430.1,2503.8,2551.2,2191.8,2437.2,2060015235
2022-08-06 10:45:00+03:00,2686.4,2655.6,2576.7,3000.6,2444.2,2754.9,2060015235
2022-08-06 11:00:00+03:00,2641.4,2633.3,2556.3,2784.2,2454.9,2778.5,2060015235
2022-08-06 11:15:00+03:00,2608.1,2600.0,2537.8,2784.2,2378.0,2740.3,2060015235
2022-08-06 11:30:00+03:00,2715.6,2678.3,2515.1,2886.2,2519.9,2978.6,2060015235
2022-08-06 11:45:00+03:00,2765.5,2715.9,2620.5,2886.2,2645.5,2959.4,2060015235
2022-08-06 12:00:00+03:00,3021.0,2885.0,2861.1,3499.9,2698.0,3160.9,2060015235
2022-08-06 12:15:00+03:00,2784.6,2695.7,2726.7,2886.2,2543.2,3071.0,2060015235
2022-08-06 12:30:00+03:00,2638.7,2748.5,2642.0,2693.1,2315.2,2795.0,2060015235
2022-08-06 12:45:00+03:00,2638.5,2702.8,2564.2,2784.2,2324.1,2816.9,2060015235
2022-08-06 13:00:00+03:00,2346.1,2507.4,2396.2,2421.0,1965.4,2440.7,2060015235
2022-08-06 13:15:00+03:00,2577.8,2631.9,2448.6,3328.4,2046.2,2433.8,2060015235
2022-08-06 13:30:00+03:00,2575.7,2632.0,2442.8,3328.4,2044.8,2430.2,2060015235
2022-08-06 13:45:00+03:00,2548.4,2595.8,2337.3,3328.4,2048.0,2432.5,2060015235
2022-08-06 14:00:00+03:00,2444.9,2497.0,2211.5,3328.4,1925.0,2262.7,2060015235
2022-08-06 14:15:00+03:00,1894.5,2260.0,2075.6,1086.3,1906.5,2144.3,2060015235
2022-08-06 14:30:00+03:00,1795.0,2093.5,1924.9,1086.3,1864.3,2006.2,2060015235
2022-08-06 14:45:00+03:00,1755.5,2036.5,1784.4,1086.3,1864.3,2006.2,2060015235
2022-08-06 15:00:00+03:00,1648.4,1927.4,1651.6,1086.3,1716.2,1860.4,2060015235
2022-08-06 15:15:00+03:00,1541.2,1650.2,1600.6,1086.3,1500.4,1868.5,2060015235
2022-08-06 15:30:00+03:00,1473.8,1527.0,1585.5,1086.3,1485.5,1685.0,2060015235
2022-08-06 15:45:00+03:00,1456.0,1530.0,1573.0,1086.3,1485.5,1605.4,2060015235
2022-08-06 16:00:00+03:00,1597.0,1524.5,1543.6,1726.1,1483.6,1707.1,2060015235
2022-08-06 16:15:00+03:00,1625.0,1563.6,1532.9,1878.2,1486.3,1664.0,2060015235
2022-08-06 16:30:00+03:00,1632.0,1568.7,1605.9,1878.2,1483.1,1624.2,2060015235
2022-08-06 16:45:00+03:00,1615.7,1615.4,1555.2,1878.2,1483.5,1546.1,2060015235
2022-08-06 17:00:00+03:00,1546.2,1643.0,1527.9,1611.5,1571.8,1376.8,2060015235
2022-08-06 17:15:00+03:00,1415.2,1487.1,1516.8,1097.8,1528.6,1445.7,2060015235
2022-08-06 17:30:00+03:00,1421.9,1375.2,1400.9,1544.6,1510.0,1279.0,2060015235
2022-08-06 17:45:00+03:00,1287.3,1302.8,1245.8,1308.1,1281.0,1298.9,2060015235
2022-08-06 18:00:00+03:00,1078.8,1085.4,953.1,1365.9,935.8,1053.8,2060015235
2022-08-06 18:15:00+03:00,953.5,845.1,919.8,1185.7,825.5,991.6,2060015235
2022-08-06 18:30:00+03:00,749.9,828.8,844.7,601.8,648.7,825.3,2060015235
2022-08-06 18:45:00+03:00,704.3,634.3,705.0,807.8,620.5,754.2,2060015235
2022-08-06 19:00:00+03:00,502.5,452.6,285.2,807.8,552.3,414.9,2060015235
2022-08-06 19:15:00+03:00,338.0,303.4,280.6,263.3,461.1,381.6,2060015235
2022-08-06 19:30:00+03:00,281.0,219.3,216.8,479.4,277.2,212.1,2060015235
2022-08-06 19:45:00+03:00,300.7,200.7,219.7,479.4,237.9,366.0,2060015235
2022-08-06 20:00:00+03:00,42.0,37.7,69.1,34.5,22.8,46.0,2060015235
2022-08-06 20:15:00+03:00,50.7,36.8,70.6,46.9,35.2,64.1,2060015235
2022-08-06 20:30:00+03:00,52.4,50.7,71.2,46.9,34.6,58.7,2060015235
2022-08-06 20:45:00+03:00,54.4,61.7,70.0,46.9,33.6,59.7,2060015235
2022-08-06 21:00:00+03:00,7.7,4.0,3.6,4.2,23.5,3.3,2060015235
2022-08-06 21:15:00+03:00,8.1,3.9,3.6,4.2,21.7,7.1,2060015235
2022-08-06 21:30:00+03:00,8.3,3.9,3.8,4.2,22.4,7.1,2060015235
2022-08-06 21:45:00+03:00,9.0,3.8,4.2,4.2,24.5,8.5,2060015235
2022-08-06 22:00:00+03:00,5.2,2.8,1.4,4.2,9.2,8.4,2060015235
2022-08-06 22:15:00+03:00,5.2,2.7,1.4,4.2,9.2,8.4,2060015235
2022-08-06 22:30:00+03:00,4.9,2.7,1.4,4.2,8.5,7.5,2060015235
2022-08-06 22:45:00+03:00,4.9,2.7,1.3,4.2,8.4,7.5,2060015235
2022-08-06 23:00:00+03:00,5.4,2.8,1.3,4.2,9.3,9.4,2060015235
2022-08-06 23:15:00+03:00,5.1,2.8,1.3,4.2,9.3,7.9,2060015235
2022-08-06 23:30:00+03:00,5.5,2.4,1.4,4.2,14.9,4.7,2060015235
2022-08-06 23:45:00+03:00,5.0,2.2,1.3,4.2,12.4,4.7,2060015235
2022-08-07 00:00:00+03:00,2.4,1.6,1.4,1.0,2.1,5.8,2060015235
2022-08-07 00:15:00+03:00,1.7,1.5,1.3,1.0,2.1,2.7,2060015235
2022-08-07 00:30:00+03:00,1.1,1.1,1.3,1.0,1.2,1.1,2060015235
2022-08-07 00:45:00+03:00,0.8,0.8,1.2,1.0,0.9,0.2,2060015235
2022-08-07 01:00:00+03:00,0.9,0.9,1.3,1.0,0.9,0.3,2060015235
2022-08-07 01:15:00+03:00,1.0,1.1,1.3,1.0,1.0,0.6,2060015235
2022-08-07 01:30:00+03:00,1.0,1.1,1.3,1.0,1.2,0.6,2060015235
2022-08-07 01:45:00+03:00,2.6,2.0,1.3,1.0,2.1,6.7,2060015235
2022-08-07 02:00:00+03:00,2.6,2.0,1.4,1.0,2.1,6.7,2060015235
2022-08-07 02:15:00+03:00,2.6,2.0,1.4,1.0,2.1,6.7,2060015235
2022-08-07 02:30:00+03:00,2.6,2.0,1.4,1.0,2.1,6.7,2060015235
2022-08-07 02:45:00+03:00,2.6,2.0,1.3,1.0,2.0,6.4,2060015235
2022-08-07 03:00:00+03:00,2.6,2.0,1.3,1.0,2.0,6.4,2060015235
2022-08-07 03:15:00+03:00,2.2,1.9,1.3,1.0,1.9,5.2,2060015235
2022-08-07 03:30:00+03:00,2.4,2.1,1.4,1.0,2.4,5.1,2060015235
2022-08-07 03:45:00+03:00,2.2,2.0,1.4,1.0,1.5,5.1,2060015235
2022-08-07 04:00:00+03:00,2.2,2.0,1.4,1.0,1.5,5.0,2060015235
2022-08-07 04:15:00+03:00,2.1,2.0,1.4,1.0,1.6,4.5,2060015235
2022-08-07 04:30:00+03:00,2.1,2.0,1.4,1.0,1.6,4.5,2060015235
2022-08-07 04:45:00+03:00,2.1,2.0,1.4,1.0,1.6,4.5,2060015235
2022-08-07 05:00:00+03:00,6.0,7.8,5.2,7.6,2.4,6.9,2060015235
2022-08-07 05:15:00+03:00,6.0,7.8,5.3,7.6,2.3,6.9,2060015235
2022-08-07 05:30:00+03:00,5.9,7.8,5.3,7.6,2.2,6.9,2060015235
2022-08-07 05:45:00+03:00,6.0,7.7,5.5,7.6,2.1,7.2,2060015235
2022-08-07 06:00:00+03:00,27.6,46.1,27.2,1.0,20.4,43.5,2060015235
2022-08-07 06:15:00+03:00,53.6,71.7,39.6,1.0,94.4,61.1,2060015235
2022-08-07 06:30:00+03:00,90.2,98.0,69.4,139.5,69.2,75.1,2060015235
2022-08-07 06:45:00+03:00,116.7,124.2,82.6,170.6,101.5,104.6,2060015235
2022-08-07 07:00:00+03:00,363.0,314.0,292.4,470.7,379.5,358.1,2060015235
2022-08-07 07:15:00+03:00,344.4,343.3,315.1,213.4,435.4,415.0,2060015235
2022-08-07 07:30:00+03:00,647.7,546.9,667.3,641.7,632.2,750.4,2060015235
2022-08-07 07:45:00+03:00,672.3,716.9,766.5,371.6,747.8,758.9,2060015235
2022-08-07 08:00:00+03:00,847.1,846.5,854.9,855.2,808.2,870.6,2060015235
2022-08-07 08:15:00+03:00,990.3,1054.6,951.3,855.2,1007.9,1082.5,2060015235
2022-08-07 08:30:00+03:00,1296.4,1276.9,1083.6,1489.6,1272.2,1359.9,2060015235
2022-08-07 08:45:00+03:00,1503.8,1449.3,1587.1,1659.5,1370.4,1452.5,2060015235
2022-08-07 09:00:00+03:00,1547.9,1281.7,1715.2,1692.1,1469.5,1580.9,2060015235
2022-08-07 09:15:00+03:00,1666.5,1544.8,1773.7,1949.9,1547.7,1516.3,2060015235
2022-08-07 09:30:00+03:00,1701.7,1569.7,1870.1,1866.4,1630.9,1571.5,2060015235
2022-08-07 09:45:00+03:00,1755.4,1586.4,1802.1,2144.3,1691.6,1552.4,2060015235
2022-08-07 10:00:00+03:00,1953.6,1645.5,1749.0,2798.8,1859.4,1715.0,2060015235
2022-08-07 10:15:00+03:00,1902.3,1750.2,1815.1,2224.2,1897.5,1824.6,2060015235
2022-08-07 10:30:00+03:00,1940.6,1804.3,1843.1,2393.4,1823.0,1839.1,2060015235
2022-08-07 10:45:00+03:00,1900.4,1830.4,1898.2,1926.5,1732.3,2114.5,2060015235
2022-08-07 11:00:00+03:00,1920.8,1880.6,1928.8,1901.1,1732.3,2161.0,2060015235
2022-08-07 11:15:00+03:00,1994.5,1921.6,1926.3,1901.1,2011.9,2211.4,2060015235
2022-08-07 11:30:00+03:00,1928.6,1722.0,1941.1,1901.1,1971.2,2107.7,2060015235
2022-08-07 11:45:00+03:00,1981.3,1920.0,1841.4,1901.1,1991.8,2252.0,2060015235
2022-08-07 12:00:00+03:00,1800.7,1925.4,1827.1,1097.6,2010.6,2143.0,2060015235
2022-08-07 12:15:00+03:00,1793.0,1930.1,1809.5,1097.6,1979.1,2148.7,2060015235
2022-08-07 12:30:00+03:00,1784.0,1940.8,1759.0,1097.6,1973.7,2148.7,2060015235
2022-08-07 12:45:00+03:00,1791.4,1933.2,1812.4,1097.6,1973.7,2140.1,2060015235
2022-08-07 13:00:00+03:00,1774.5,1963.7,1671.4,1097.6,1873.7,2266.0,2060015235
2022-08-07 13:15:00+03:00,1754.8,1969.7,1681.2,1097.6,1855.3,2170.0,2060015235
2022-08-07 13:30:00+03:00,1762.4,1995.7,1707.3,1097.6,1841.3,2170.0,2060015235
2022-08-07 13:45:00+03:00,1736.4,1925.0,1690.5,1097.6,1798.6,2170.0,2060015235
2022-08-07 14:00:00+03:00,1705.8,1870.7,1657.9,1092.3,1769.2,2138.9,2060015235
2022-08-07 14:15:00+03:00,1596.9,1633.9,1649.6,1092.3,1512.0,2096.9,2060015235
2022-08-07 14:30:00+03:00,1647.1,1731.8,1644.0,1253.7,1524.8,2081.1,2060015235
2022-08-07 14:45:00+03:00,1600.7,1738.9,1638.8,1253.7,1367.2,2004.7,2060015235
2022-08-07 15:00:00+03:00,1542.3,1636.7,1584.3,1253.7,1381.8,1855.0,2060015235
2022-08-07 15:15:00+03:00,1614.2,1659.4,1508.2,1726.1,1508.0,1669.5,2060015235
2022-08-07 15:30:00+03:00,1600.2,1629.8,1529.7,1726.1,1520.4,1595.0,2060015235
2022-08-07 15:45:00+03:00,1591.4,1528.8,1543.6,1726.1,1506.3,1652.2,2060015235
2022-08-07 16:00:00+03:00,1625.5,1694.3,1601.8,1726.1,1529.6,1575.5,2060015235
2022-08-07 16:15:00+03:00,1653.6,1599.5,1634.5,1876.0,1562.0,1595.7,2060015235
2022-08-07 16:30:00+03:00,1641.3,1587.3,1629.9,1876.0,1587.3,1525.8,2060015235
2022-08-07 16:45:00+03:00,1628.8,1573.2,1607.2,1876.0,1690.1,1397.2,2060015235
2022-08-07 17:00:00+03:00,1474.0,1479.6,1626.8,1339.1,1623.5,1301.2,2060015235
2022-08-07 17:15:00+03:00,1491.2,1422.5,1615.3,1544.6,1576.2,1297.4,2060015235
2022-08-07 17:30:00+03:00,1370.1,1380.6,1454.2,1308.1,1449.7,1257.9,2060015235
2022-08-07 17:45:00+03:00,1089.7,1242.9,1158.3,863.5,1181.9,1001.7,2060015235
2022-08-07 18:00:00+03:00,1020.7,855.2,1038.9,1365.0,950.5,893.9,2060015235
2022-08-07 18:15:00+03:00,960.1,817.6,1023.5,1185.7,967.5,806.2,2060015235
2022-08-07 18:30:00+03:00,725.1,730.4,858.3,522.2,806.5,707.8,2060015235
2022-08-07 18:45:00+03:00,833.3,717.9,835.2,1236.8,717.0,659.8,2060015235
2022-08-07 19:00:00+03:00,425.8,492.2,483.0,141.9,537.8,473.8,2060015235
2022-08-07 19:15:00+03:00,298.8,358.2,299.2,129.4,340.7,366.6,2060015235
2022-08-07 19:30:00+03:00,304.0,269.0,277.6,313.5,347.4,312.5,2060015235
2022-08-07 19:45:00+03:00,157.5,141.8,165.9,148.4,172.6,158.6,2060015235
2022-08-07 20:00:00+03:00,30.5,23.2,57.8,40.5,9.6,21.2,2060015235
2022-08-07 20:15:00+03:00,31.9,29.3,55.3,32.1,17.1,25.8,2060015235
2022-08-07 20:30:00+03:00,28.9,23.6,56.3,4.9,32.5,27.5,2060015235
2022-08-07 20:45:00+03:00,37.8,25.1,57.0,46.9,32.4,27.5,2060015235
2022-08-07 21:00:00+03:00,9.9,4.3,3.0,4.2,34.3,3.6,2060015235
2022-08-07 21:15:00+03:00,9.5,2.4,3.1,4.2,34.3,3.6,2060015235
2022-08-07 21:30:00+03:00,8.4,2.5,3.3,4.2,28.9,3.3,2060015235
2022-08-07 21:45:00+03:00,6.7,2.8,3.0,4.2,20.2,3.3,2060015235
2022-08-07 22:00:00+03:00,3.5,2.0,1.3,4.2,7.4,2.6,2060015235
2022-08-07 22:15:00+03:00,3.5,1.8,1.2,4.2,7.4,2.8,2060015235
2022-08-07 22:30:00+03:00,3.5,1.7,1.4,4.2,7.4,2.9,2060015235
2022-08-07 22:45:00+03:00,2.9,1.5,1.4,4.2,4.5,2.9,2060015235
2022-08-07 23:00:00+03:00,3.3,1.6,1.5,4.2,6.0,3.0,2060015235
2022-08-07 23:15:00+03:00,3.3,1.4,1.5,4.2,6.8,2.6,2060015235
2022-08-07 23:30:00+03:00,4.6,1.8,1.4,4.2,11.0,4.6,2060015235
2022-08-07 23:45:00+03:00,4.7,2.0,1.3,4.2,11.6,4.6,2060015235
2022-08-08 00:00:00+03:00,1.8,1.3,1.4,1.0,1.9,3.2,2060015235
2022-08-08 00:15:00+03:00,1.7,1.6,1.5,1.0,1.7,2.7,2060015235
2022-08-08 00:30:00+03:00,1.7,1.5,1.5,1.0,1.8,2.7,2060015235
2022-08-08 00:45:00+03:00,1.0,1.2,1.4,1.0,0.8,0.6,2060015235
2022-08-08 01:00:00+03:00,1.4,1.5,1.4,1.0,0.9,2.2,2060015235
2022-08-08 01:15:00+03:00,1.3,1.2,1.4,1.0,2.0,1.1,2060015235
2022-08-08 01:30:00+03:00,2.0,1.7,1.4,1.0,1.9,4.2,2060015235
2022-08-08 01:45:00+03:00,2.0,1.8,1.3,1.0,1.8,4.0,2060015235
2022-08-08 02:00:00+03:00,2.2,1.8,1.2,1.0,2.4,4.9,2060015235
2022-08-08 02:15:00+03:00,1.9,1.8,1.3,1.0,1.8,3.5,2060015235
2022-08-08 02:30:00+03:00,1.9,1.6,1.4,1.0,1.8,3.6,2060015235
2022-08-08 02:45:00+03:00,1.4,1.3,1.3,1.0,1.7,1.7,2060015235
2022-08-08 03:00:00+03:00,1.4,1.5,1.4,1.0,0.9,2.2,2060015235
2022-08-08 03:15:00+03:00,1.9,1.3,1.4,1.0,1.7,3.9,2060015235
2022-08-08 03:30:00+03:00,1.6,1.6,1.4,1.0,2.3,1.8,2060015235
2022-08-08 03:45:00+03:00,1.4,1.5,1.3,1.0,1.4,1.9,2060015235
2022-08-08 04:00:00+03:00,1.8,1.7,1.2,1.0,1.9,3.2,2060015235
2022-08-08 04:15:00+03:00,2.2,1.6,1.2,1.0,2.1,5.0,2060015235
2022-08-08 04:30:00+03:00,2.1,1.6,1.2,1.0,1.8,5.1,2060015235
2022-08-08 04:45:00+03:00,2.2,1.7,1.2,1.0,1.8,5.1,2060015235
2022-08-08 05:00:00+03:00,6.4,7.5,4.3,7.6,3.0,9.6,2060015235
2022-08-08 05:15:00+03:00,6.5,7.3,4.6,7.6,3.0,10.3,2060015235
2022-08-08 05:30:00+03:00,6.6,7.2,4.7,7.6,3.0,10.3,2060015235
2022-08-08 05:45:00+03:00,6.7,7.2,4.8,7.6,2.9,10.9,2060015235
2022-08-08 06:00:00+03:00,87.4,119.0,78.3,55.5,56.4,127.9,2060015235
2022-08-08 06:15:00+03:00,107.3,143.4,108.6,55.5,114.4,114.7,2060015235
2022-08-08 06:30:00+03:00,143.5,179.6,116.3,55.5,209.9,156.0,2060015235
2022-08-08 06:45:00+03:00,200.6,209.5,176.1,117.1,272.0,228.3,2060015235
2022-08-08 07:00:00+03:00,430.2,415.0,442.8,447.2,433.3,412.8,2060015235
2022-08-08 07:15:00+03:00,441.9,413.7,514.3,447.2,411.8,422.2,2060015235
2022-08-08 07:30:00+03:00,466.2,469.3,524.8,351.7,495.5,489.6,2060015235
2022-08-08 07:45:00+03:00,583.7,473.2,625.6,773.7,534.3,511.6,2060015235
2022-08-08 08:00:00+03:00,609.9,507.6,624.3,773.7,583.5,560.6,2060015235
2022-08-08 08:15:00+03:00,776.4,738.5,729.1,773.7,857.1,783.5,2060015235
2022-08-08 08:30:00+03:00,904.8,887.7,875.1,878.7,922.7,959.8,2060015235
2022-08-08 08:45:00+03:00,1029.8,1048.4,956.5,972.9,1083.0,1088.4,2060015235
2022-08-08 09:00:00+03:00,1181.8,1263.8,1181.9,1074.5,1073.1,1315.8,2060015235
2022-08-08 09:15:00+03:00,1562.1,1563.5,1662.9,1550.9,1426.6,1606.4,2060015235
2022-08-08 09:30:00+03:00,1768.4,1863.0,1746.9,1743.2,1784.2,1704.7,2060015235
2022-08-08 09:45:00+03:00,2023.1,2125.7,1798.5,2144.3,2133.3,1913.9,2060015235
2022-08-08 10:00:00+03:00,2066.3,2082.7,2063.5,1765.3,2305.7,2114.5,2060015235
2022-08-08 10:15:00+03:00,2232.2,2287.6,2223.0,2224.2,2315.7,2110.7,2060015235
2022-08-08 10:30:00+03:00,2361.1,2404.5,2414.4,2393.4,2297.6,2295.9,2060015235
2022-08-08 10:45:00+03:00,2485.2,2610.0,2460.5,2393.4,2666.2,2295.9,2060015235
2022-08-08 11:00:00+03:00,2760.4,2791.9,2545.5,3114.1,2676.3,2674.3,2060015235
2022-08-08 11:15:00+03:00,2779.0,2769.6,2576.4,3114.1,2710.2,2724.5,2060015235
2022-08-08 11:30:00+03:00,2721.6,2818.4,2598.0,2727.4,2739.6,2724.5,2060015235
2022-08-08 11:45:00+03:00,2891.9,2793.5,2927.2,2996.2,2679.6,3063.0,2060015235
2022-08-08 12:00:00+03:00,2796.4,2693.9,2753.7,2996.2,2690.3,2848.0,2060015235
2022-08-08 12:15:00+03:00,1769.7,1973.3,1850.6,1097.6,1949.5,1977.4,2060015235
2022-08-08 12:30:00+03:00,1787.9,2048.7,1871.0,1097.6,1838.3,2084.2,2060015235
2022-08-08 12:45:00+03:00,1744.6,1788.3,1805.8,1097.6,1882.3,2148.8,2060015235
2022-08-08 13:00:00+03:00,1807.8,2026.9,1786.7,1097.6,1963.0,2164.6,2060015235
2022-08-08 13:15:00+03:00,1829.8,2048.9,1767.2,1097.6,1999.6,2235.7,2060015235
2022-08-08 13:30:00+03:00,1813.6,2028.2,1754.1,1097.6,1989.2,2199.0,2060015235
2022-08-08 13:45:00+03:00,1820.3,2016.4,1770.4,1097.6,2131.8,2085.1,2060015235
2022-08-08 14:00:00+03:00,1672.8,1859.2,1730.2,1092.3,1880.2,1802.3,2060015235
2022-08-08 14:15:00+03:00,1668.2,1801.6,1723.2,1092.3,1851.7,1872.0,2060015235
2022-08-08 14:30:00+03:00,1658.3,1840.7,1781.2,1092.3,1705.0,1872.0,2060015235
2022-08-08 14:45:00+03:00,1653.4,1876.6,1749.6,1092.3,1575.0,1973.5,2060015235
2022-08-08 15:00:00+03:00,1645.1,1869.1,1713.2,1092.3,1541.0,2009.7,2060015235
2022-08-08 15:15:00+03:00,1591.1,1720.3,1684.1,1092.3,1549.8,1908.8,2060015235
2022-08-08 15:30:00+03:00,1779.7,1705.1,1691.5,2229.3,1596.7,1676.0,2060015235
2022-08-08 15:45:00+03:00,1830.9,1740.0,1712.7,2229.3,1808.9,1663.8,2060015235
2022-08-08 16:00:00+03:00,1816.5,1703.7,1715.8,2229.3,1795.7,1638.2,2060015235
2022-08-08 16:15:00+03:00,1808.0,1647.5,1734.1,2229.3,1753.1,1675.9,2060015235
2022-08-08 16:30:00+03:00,1830.7,1817.9,1706.5,2229.3,1679.0,1720.6,2060015235
2022-08-08 16:45:00+03:00,1834.0,1920.6,1671.3,2003.5,1931.0,1643.9,2060015235
2022-08-08 17:00:00+03:00,1652.0,1765.7,1669.9,1484.7,1798.4,1541.5,2060015235
2022-08-08 17:15:00+03:00,1597.9,1489.4,1651.4,1692.8,1681.0,1475.1,2060015235
2022-08-08 17:30:00+03:00,1458.0,1430.4,1621.6,1339.1,1614.0,1284.9,2060015235
2022-08-08 17:45:00+03:00,1319.9,1308.7,1266.8,1480.3,1392.2,1151.5,2060015235
2022-08-08 18:00:00+03:00,960.4,1015.7,961.2,855.2,1024.5,945.5,2060015235
2022-08-08 18:15:00+03:00,840.4,800.7,892.1,855.2,825.3,828.7,2060015235
2022-08-08 18:30:00+03:00,677.9,773.6,788.3,371.6,736.8,719.0,2060015235
2022-08-08 18:45:00+03:00,509.0,563.2,666.3,100.8,596.6,618.2,2060015235
2022-08-08 19:00:00+03:00,259.4,299.4,271.2,100.8,276.2,349.5,2060015235
2022-08-08 19:15:00+03:00,219.1,232.9,235.1,129.4,218.1,280.2,2060015235
2022-08-08 19:30:00+03:00,217.8,294.9,168.9,148.4,282.1,194.6,2060015235
2022-08-08 19:45:00+03:00,199.5,168.4,162.8,148.4,296.8,221.1,2060015235
2022-08-08 20:00:00+03:00,28.3,25.0,58.2,4.9,35.9,17.5,2060015235
2022-08-08 20:15:00+03:00,36.3,25.9,57.3,46.9,27.8,23.6,2060015235
2022-08-08 20:30:00+03:00,44.3,31.0,61.8,46.9,34.0,47.9,2060015235
2022-08-08 20:45:00+03:00,47.4,36.1,62.1,46.9,34.3,57.8,2060015235
2022-08-08 21:00:00+03:00,11.0,3.4,2.6,4.2,36.3,8.2,2060015235
2022-08-08 21:15:00+03:00,10.0,3.0,2.4,4.2,33.2,7.3,2060015235
2022-08-08 21:30:00+03:00,9.7,3.0,2.6,4.2,33.1,5.6,2060015235
2022-08-08 21:45:00+03:00,8.7,2.9,3.0,4.2,30.0,3.4,2060015235
2022-08-08 22:00:00+03:00,3.3,1.6,1.3,4.2,7.5,1.8,2060015235
2022-08-08 22:15:00+03:00,4.2,1.7,1.3,4.2,11.4,2.2,2060015235
2022-08-08 22:30:00+03:00,4.3,1.8,1.3,4.2,11.4,2.9,2060015235
2022-08-08 22:45:00+03:00,5.6,2.2,1.3,4.2,15.0,5.3,2060015235
2022-08-08 23:00:00+03:00,5.3,2.5,1.3,4.2,16.0,2.7,2060015235
2022-08-08 23:15:00+03:00,6.0,2.5,1.3,4.2,16.8,5.4,2060015235
2022-08-08 23:30:00+03:00,5.1,2.4,1.3,4.2,13.8,3.8,2060015235
2022-08-08 23:45:00+03:00,3.8,2.1,1.3,4.2,6.9,4.4,2060015235
2022-08-09 00:00:00+03:00,1.4,1.2,1.7,1.0,1.4,1.6,2060015235
2022-08-09 00:15:00+03:00,1.5,1.1,1.7,1.0,1.4,2.1,2060015235
2022-08-09 00:30:00+03:00,1.6,1.2,1.7,1.0,1.9,2.2,2060015235
2022-08-09 00:45:00+03:00,1.8,1.2,1.7,1.0,2.3,2.6,2060015235
2022-08-09 01:00:00+03:00,1.8,1.4,1.7,1.0,2.6,2.1,2060015235
2022-08-09 01:15:00+03:00,1.9,1.3,1.7,1.0,2.3,3.3,2060015235
2022-08-09 01:30:00+03:00,1.9,1.3,1.7,1.0,2.3,3.0,2060015235
2022-08-09 01:45:00+03:00,1.7,1.2,1.7,1.0,1.9,2.9,2060015235
2022-08-09 02:00:00+03:00,1.5,1.3,1.6,1.0,1.8,2.0,2060015235
2022-08-09 02:15:00+03:00,2.0,1.3,1.5,1.0,1.7,4.4,2060015235
2022-08-09 02:30:00+03:00,2.1,1.3,1.4,1.0,1.7,4.9,2060015235
2022-08-09 02:45:00+03:00,2.1,1.4,1.4,1.0,1.7,4.9,2060015235
2022-08-09 03:00:00+03:00,2.1,1.4,1.4,1.0,1.9,4.9,2060015235
2022-08-09 03:15:00+03:00,2.2,1.7,1.5,1.0,1.9,5.2,2060015235
2022-08-09 03:30:00+03:00,2.3,1.9,1.5,1.0,2.4,4.8,2060015235
2022-08-09 03:45:00+03:00,1.6,1.5,1.4,1.0,1.4,2.9,2060015235
2022-08-09 04:00:00+03:00,2.8,2.3,1.5,1.0,1.4,7.8,2060015235
2022-08-09 04:15:00+03:00,2.5,2.3,1.5,1.0,1.7,6.0,2060015235
2022-08-09 04:30:00+03:00,2.4,2.3,1.5,1.0,1.5,5.8,2060015235
2022-08-09 04:45:00+03:00,2.5,2.0,1.5,1.0,1.4,6.8,2060015235
2022-08-09 05:00:00+03:00,8.0,8.0,8.4,14.2,2.8,6.4,2060015235
2022-08-09 05:15:00+03:00,8.6,7.8,7.5,14.2,2.8,10.7,2060015235
2022-08-09 05:30:00+03:00,8.7,9.2,7.5,14.2,2.4,10.3,2060015235
2022-08-09 05:45:00+03:00,9.8,10.7,9.9,14.2,4.0,10.3,2060015235
2022-08-09 06:00:00+03:00,42.9,79.6,29.9,1.0,36.8,67.4,2060015235
2022-08-09 06:15:00+03:00,63.4,97.5,42.6,1.0,111.1,64.8,2060015235
2022-08-09 06:30:00+03:00,102.4,100.8,67.9,139.5,101.6,102.2,2060015235
2022-08-09 06:45:00+03:00,123.8,121.0,64.8,170.6,140.4,122.3,2060015235
2022-08-09 07:00:00+03:00,338.3,322.3,304.0,287.7,387.1,390.2,2060015235
2022-08-09 07:15:00+03:00,344.2,329.4,339.5,213.4,399.2,439.2,2060015235
2022-08-09 07:30:00+03:00,540.4,576.9,523.0,213.4,684.0,704.6,2060015235
2022-08-09 07:45:00+03:00,721.5,750.2,756.2,507.9,790.0,803.0,2060015235
2022-08-09 08:00:00+03:00,760.8,845.9,808.5,371.6,868.3,909.7,2060015235
2022-08-09 08:15:00+03:00,1103.5,1206.8,931.7,1109.1,1091.0,1178.9,2060015235
2022-08-09 08:30:00+03:00,1327.3,1359.6,1128.8,1489.6,1233.1,1425.2,2060015235
2022-08-09 08:45:00+03:00,1404.9,1443.4,1591.3,1097.8,1481.7,1410.3,2060015235
2022-08-09 09:00:00+03:00,1511.5,1322.2,1705.4,1480.3,1541.2,1508.6,2060015235
2022-08-09 09:15:00+03:00,1720.2,1688.6,1791.7,1768.3,1721.0,1631.4,2060015235
2022-08-09 09:30:00+03:00,1852.3,1797.5,1910.6,1912.2,1927.3,1713.8,2060015235
2022-08-09 09:45:00+03:00,1964.7,1809.4,2037.9,2144.3,2064.6,1767.5,2060015235
2022-08-09 10:00:00+03:00,2069.5,1825.4,2052.4,2467.6,2174.3,1827.8,2060015235
2022-08-09 10:15:00+03:00,2104.4,1909.5,2056.8,2590.6,2153.5,1811.7,2060015235
2022-08-09 10:30:00+03:00,2102.5,1907.0,1999.0,2571.4,2170.9,1864.3,2060015235
2022-08-09 10:45:00+03:00,1934.9,1880.1,1929.3,1926.5,1874.8,2063.9,2060015235
2022-08-09 11:00:00+03:00,1947.0,1859.8,1970.4,1926.5,1848.0,2130.2,2060015235
2022-08-09 11:15:00+03:00,1987.0,1976.2,2005.7,1901.1,1848.0,2203.9,2060015235
2022-08-09 11:30:00+03:00,1967.7,1980.4,2000.9,1901.1,1861.9,2094.0,2060015235
2022-08-09 11:45:00+03:00,1975.9,1962.5,1906.3,1901.1,2010.8,2098.8,2060015235
2022-08-09 12:00:00+03:00,2027.9,1983.8,1900.7,1901.1,2382.0,1971.8,2060015235
2022-08-09 12:15:00+03:00,2013.0,2017.5,1897.4,1901.1,2249.9,1999.1,2060015235
2022-08-09 12:30:00+03:00,1992.1,2015.9,1891.0,1901.1,2168.9,1983.4,2060015235
2022-08-09 12:45:00+03:00,1935.4,1802.5,1891.6,1901.1,2182.1,1899.4,2060015235
2022-08-09 13:00:00+03:00,2007.6,2074.3,1885.7,1901.1,2183.5,1993.3,2060015235
2022-08-09 13:15:00+03:00,1957.9,1854.1,1866.8,1901.1,2183.5,1984.2,2060015235
2022-08-09 13:30:00+03:00,1899.4,1844.4,1833.8,1901.1,1964.7,1953.0,2060015235
2022-08-09 13:45:00+03:00,1924.0,1870.0,1828.1,1901.1,1964.7,2056.1,2060015235
2022-08-09 14:00:00+03:00,1930.0,1990.9,1831.8,1901.1,1861.7,2064.4,2060015235
2022-08-09 14:15:00+03:00,1945.3,1985.2,1829.6,1901.1,1816.9,2193.8,2060015235
2022-08-09 14:30:00+03:00,1829.2,1731.9,1795.7,1901.1,1708.3,2008.7,2060015235
2022-08-09 14:45:00+03:00,1782.6,1640.5,1849.8,1901.1,1565.2,1956.4,2060015235
2022-08-09 15:00:00+03:00,1666.2,1561.3,1723.8,1901.1,1362.8,1782.1,2060015235
2022-08-09 15:15:00+03:00,1726.1,1575.7,1744.0,1901.1,1384.9,2024.8,2060015235
2022-08-09 15:30:00+03:00,1763.2,1548.5,1771.7,1917.3,1570.4,2008.0,2060015235
2022-08-09 15:45:00+03:00,1731.7,1482.9,1721.5,1917.3,1597.9,1938.6,2060015235
2022-08-09 16:00:00+03:00,1883.4,1631.1,1724.7,2393.4,1709.4,1958.1,2060015235
2022-08-09 16:15:00+03:00,1802.4,1549.8,1693.5,2224.2,1671.0,1873.6,2060015235
2022-08-09 16:30:00+03:00,1788.7,1461.6,1730.1,2221.3,1662.4,1868.0,2060015235
2022-08-09 16:45:00+03:00,1752.1,1464.2,1717.0,2154.8,1624.0,1800.5,2060015235
2022-08-09 17:00:00+03:00,1590.7,1480.6,1622.0,1545.3,1610.5,1695.2,2060015235
2022-08-09 17:15:00+03:00,1583.2,1495.9,1599.9,1545.3,1661.5,1613.6,2060015235
2022-08-09 17:30:00+03:00,1551.5,1426.1,1621.7,1653.5,1587.0,1469.1,2060015235
2022-08-09 17:45:00+03:00,1485.5,1474.5,1465.5,1653.5,1508.4,1325.3,2060015235
2022-08-09 18:00:00+03:00,1119.5,1230.6,1020.2,1236.2,1117.8,992.4,2060015235
2022-08-09 18:15:00+03:00,1068.7,1165.5,994.1,1037.3,1116.9,1029.5,2060015235
2022-08-09 18:30:00+03:00,926.5,897.6,892.1,1037.3,982.6,822.8,2060015235
2022-08-09 18:45:00+03:00,789.1,782.4,784.8,784.1,829.2,764.9,2060015235
2022-08-09 19:00:00+03:00,399.2,398.2,448.9,314.8,442.2,391.8,2060015235
2022-08-09 19:15:00+03:00,295.4,253.3,310.2,213.4,349.9,350.3,2060015235
2022-08-09 19:30:00+03:00,292.7,243.9,260.5,312.6,338.8,307.5,2060015235
2022-08-09 19:45:00+03:00,218.6,218.6,182.3,328.9,173.5,190.0,2060015235
2022-08-09 20:00:00+03:00,44.3,39.6,57.9,46.9,19.6,57.5,2060015235
2022-08-09 20:15:00+03:00,51.2,50.1,67.2,34.5,27.4,76.9,2060015235
2022-08-09 20:30:00+03:00,66.0,47.3,78.5,31.6,68.4,104.0,2060015235
2022-08-09 20:45:00+03:00,63.7,38.6,88.7,76.6,29.1,85.2,2060015235
2022-08-09 21:00:00+03:00,17.4,3.2,10.2,4.2,63.8,5.5,2060015235
2022-08-09 21:15:00+03:00,6.8,3.0,3.5,4.2,13.7,9.6,2060015235
2022-08-09 21:30:00+03:00,6.6,2.4,2.8,4.2,17.3,6.4,2060015235
2022-08-09 21:45:00+03:00,6.1,2.8,2.5,4.2,14.6,6.5,2060015235
2022-08-09 22:00:00+03:00,5.9,3.1,1.4,4.2,14.2,6.3,2060015235
2022-08-09 22:15:00+03:00,4.6,2.0,1.4,4.2,9.1,6.4,2060015235
2022-08-09 22:30:00+03:00,3.3,1.6,1.5,4.2,7.1,2.1,2060015235
2022-08-09 22:45:00+03:00,3.1,1.6,1.5,4.2,6.1,2.0,2060015235
2022-08-09 23:00:00+03:00,2.5,1.1,1.6,4.2,4.2,1.3,2060015235
2022-08-09 23:15:00+03:00,2.6,1.6,1.6,4.2,3.9,1.6,2060015235
2022-08-09 23:30:00+03:00,2.5,1.5,1.5,4.2,3.4,1.6,2060015235
2022-08-09 23:45:00+03:00,2.7,1.4,1.4,4.2,4.5,1.7,2060015235
2022-08-10 00:00:00+03:00,1.0,1.0,1.7,1.0,0.8,0.6,2060015235
2022-08-10 00:15:00+03:00,1.0,1.1,1.6,1.0,0.6,1.0,2060015235
2022-08-10 00:30:00+03:00,1.0,1.0,1.4,1.0,0.6,0.9,2060015235
2022-08-10 00:45:00+03:00,1.0,1.1,1.3,1.0,0.4,1.0,2060015235
2022-08-10 01:00:00+03:00,0.8,0.9,1.4,1.0,0.6,0.4,2060015235
2022-08-10 01:15:00+03:00,0.9,1.0,1.3,1.0,0.5,0.6,2060015235
2022-08-10 01:30:00+03:00,0.9,1.1,1.4,1.0,0.5,0.7,2060015235
2022-08-10 01:45:00+03:00,1.0,1.1,1.4,1.0,0.6,0.7,2060015235
2022-08-10 02:00:00+03:00,1.0,1.1,1.5,1.0,0.6,1.0,2060015235
2022-08-10 02:15:00+03:00,1.0,1.1,1.4,1.0,0.6,0.9,2060015235
2022-08-10 02:30:00+03:00,1.0,1.1,1.4,1.0,0.6,0.9,2060015235
2022-08-10 02:45:00+03:00,1.0,1.1,1.4,1.0,0.6,0.9,2060015235
2022-08-10 03:00:00+03:00,0.9,1.1,1.3,1.0,0.6,0.7,2060015235
